iterations,metrics (avg),elapsed_time (mins)
0,5344.2783203125,0.17398542563120525
500,508.10207622017924,14.471310396989187
1000,462.2046284108729,28.42286055882772
1500,426.1535319694275,42.52161808808645
2000,406.8175050636818,57.10160490671794
2500,394.6232447662338,71.44197607040405
3000,382.81498667940383,84.98020450671514
