samples,train_score,val_score
240000,95.5335725564,109.0771482755
480000,77.2662905818,93.3828232684
704000,67.526400432,89.6721367161
944000,60.0849533451,77.6872841533
1304000,53.0805114846,73.8730062599
1672000,48.5208810364,65.8562241316
1920000,46.1607776935,71.8678391012
2176000,44.1901487203,69.5622628471
